{"cameraMode":{"drawMode":0,"name":"Shaded","section":"Shading Mode"},"sceneLighting":false,"audioPlay":false,"sceneViewState":{"showFog":false,"showMaterialUpdate":false,"showSkybox":false,"showFlares":false,"showImageEffects":false,"showParticleSystems":false},"in2DMode":false,"pivot":{"x":9.104494094848633,"y":1.700160026550293,"z":-2.1859779357910158},"rotation":{"x":-0.2516554296016693,"y":-0.1310425102710724,"z":0.03441305086016655,"w":-0.9582923054695129},"size":6.448417663574219,"orthographic":false}